,Match ID,Result,Top Performer,Opposition,Ground,Start Date,Runs Scored in Match,Wickets Taken in Match,Catches Taken in Match,Stumpings Made in Match
588,648,won,SC Ganguly,Pakistan,Brisbane,2000-01-10,61,1.0,0.0,0.0
587,647,lost,SC Ganguly,Australia,Melbourne,2000-01-12,100,0.0,0.0,0.0
586,646,won,R Dravid,Australia,Sydney,2000-01-14,22,0.0,1.0,0.0
0,0,lost,SR Tendulkar,Pakistan,Hobart,2000-01-21,93,0.0,1.0,0.0
585,645,won,SC Ganguly,Pakistan,Adelaide,2000-01-25,141,0.0,0.0,0.0
584,644,lost,R Dravid,Australia,Adelaide,2000-01-26,63,2.0,3.0,0.0
583,643,won,RR Singh,Pakistan,Perth,2000-01-28,51,1.0,0.0,0.0
1,1,lost,R Dravid,Australia,Perth,2000-01-30,65,2.0,0.0,0.0
2,2,lost,A Jadeja,South Africa,Kochi,2000-03-09,92,0.0,1.0,0.0
3,3,lost,SC Ganguly,South Africa,Jamshedpur,2000-03-12,105,0.0,1.0,0.0
4,4,won,R Dravid,South Africa,Faridabad,2000-03-15,73,1.0,0.0,0.0
5,5,won,SR Tendulkar,South Africa,Vadodara,2000-03-17,122,0.0,0.0,0.0
6,6,lost,SR Tendulkar,South Africa,Nagpur,2000-03-19,93,1.0,0.0,0.0
582,642,won,J Srinath,South Africa,Sharjah,2000-03-22,30,0.0,0.0,0.0
581,641,lost,M Azharuddin,Pakistan,Sharjah,2000-03-23,54,0.0,1.0,0.0
580,640,lost,R Dravid,Pakistan,Sharjah,2000-03-26,29,0.0,0.0,0.0
579,639,won,SR Tendulkar,South Africa,Sharjah,2000-03-27,39,0.0,0.0,0.0
578,638,,SC Ganguly,Bangladesh,Dhaka,2000-05-30,135,0.0,0.0,0.0
577,637,lost,SR Tendulkar,Sri Lanka,Dhaka,2000-06-01,93,2.0,0.0,0.0
576,636,won,A Jadeja,Pakistan,Dhaka,2000-06-03,93,0.0,0.0,0.0
7,7,won,SC Ganguly,Kenya,Nairobi (Gym),2000-10-03,66,0.0,2.0,0.0
8,8,lost,Yuvraj Singh,Australia,Nairobi (Gym),2000-10-07,84,1.0,1.0,0.0
9,9,won,SC Ganguly,South Africa,Nairobi (Gym),2000-10-13,141,1.0,1.0,0.0
10,10,lost,SC Ganguly,New Zealand,Nairobi (Gym),2000-10-15,117,1.0,1.0,0.0
575,635,won,SR Tendulkar,Sri Lanka,Sharjah,2000-10-20,101,0.0,0.0,0.0
574,634,lost,R Dravid,Zimbabwe,Sharjah,2000-10-22,85,0.0,0.0,0.0
573,633,lost,SC Ganguly,Zimbabwe,Sharjah,2000-10-26,66,1.0,0.0,0.0
572,632,won,SR Tendulkar,Sri Lanka,Sharjah,2000-10-27,61,0.0,0.0,0.0
571,631,lost,RR Singh,Sri Lanka,Sharjah,2000-10-29,11,0.0,0.0,0.0
11,11,lost,SR Tendulkar,Zimbabwe,Cuttack,2000-12-02,44,1.0,1.0,0.0
12,12,won,SC Ganguly,Zimbabwe,Ahmedabad,2000-12-05,144,2.0,0.0,0.0
13,13,lost,SR Tendulkar,Zimbabwe,Jodhpur,2000-12-08,146,1.0,0.0,0.0
14,14,lost,SR Tendulkar,Zimbabwe,Kanpur,2000-12-11,62,5.0,0.0,0.0
15,15,won,HK Badani,Zimbabwe,Rajkot,2000-12-14,77,3.0,1.0,0.0
570,630,won,R Dravid,Australia,Bengaluru,2001-03-25,80,3.0,1.0,0.0
16,16,won,HK Badani,Australia,Pune,2001-03-28,100,0.0,0.0,0.0
17,17,won,SR Tendulkar,Australia,Indore,2001-03-31,139,3.0,1.0,0.0
18,18,lost,SR Tendulkar,Australia,Visakhapatnam,2001-04-03,62,0.0,1.0,0.0
19,19,lost,VVS Laxman,Australia,Margao,2001-04-06,101,0.0,0.0,0.0
20,20,won,SR Tendulkar,Zimbabwe,Harare,2001-06-24,70,2.0,0.0,0.0
21,21,won,SC Ganguly,Zimbabwe,Bulawayo,2001-06-27,85,1.0,1.0,0.0
22,22,lost,SR Tendulkar,West Indies,Bulawayo,2001-06-30,81,0.0,0.0,0.0
23,23,lost,SC Ganguly,West Indies,Harare,2001-07-04,62,0.0,1.0,0.0
24,24,won,RS Sodhi,West Indies,Harare,2001-07-07,67,2.0,1.0,0.0
569,629,won,VVS Laxman,New Zealand,Colombo (RPS),2001-07-20,60,0.0,0.0,0.0
568,628,lost,SC Ganguly,Sri Lanka,Colombo (RPS),2001-07-22,69,1.0,2.0,0.0
25,25,lost,V Sehwag,New Zealand,Colombo (RPS),2001-07-26,33,2.0,0.0,0.0
26,26,won,VVS Laxman,Sri Lanka,Colombo (RPS),2001-07-28,87,1.0,1.0,0.0
27,27,won,Yuvraj Singh,Sri Lanka,Colombo (SSC),2001-08-01,98,0.0,0.0,0.0
28,28,won,V Sehwag,New Zealand,Colombo (SSC),2001-08-02,100,0.0,1.0,0.0
567,627,won,VVS Laxman,Sri Lanka,Colombo (RPS),2001-08-05,37,1.0,0.0,0.0
566,626,lost,SC Ganguly,South Africa,Johannesburg,2001-10-05,127,0.0,0.0,0.0
565,625,won,R Dravid,South Africa,Centurion,2001-10-10,54,0.0,1.0,0.0
564,624,lost,V Sehwag,Kenya,Bloemfontein,2001-10-12,55,3.0,0.0,0.0
563,623,won,Harbhajan Singh,Kenya,Gqeberha,2001-10-17,37,2.0,0.0,0.0
562,622,won,SC Ganguly,South Africa,East London,2001-10-19,85,1.0,1.0,0.0
561,621,lost,SR Tendulkar,Kenya,Paarl,2001-10-24,146,0.0,0.0,0.0
560,620,,R Dravid,South Africa,Durban,2001-10-26,77,2.0,0.0,1.0
559,619,won,D Mongia,England,Eden Gardens,2002-01-19,71,1.0,0.0,0.0
29,29,won,D Mongia,England,Cuttack,2002-01-22,49,0.0,1.0,0.0
558,618,won,SR Tendulkar,England,Chennai,2002-01-25,68,0.0,1.0,0.0
30,30,lost,V Sehwag,England,Kanpur,2002-01-28,82,0.0,1.0,0.0
31,31,lost,SC Ganguly,England,Delhi,2002-01-31,74,0.0,0.0,0.0
557,617,won,SC Ganguly,England,Wankhede,2002-02-03,80,2.0,0.0,0.0
32,32,won,VVS Laxman,Zimbabwe,Faridabad,2002-03-07,75,0.0,0.0,0.0
556,616,lost,SC Ganguly,Zimbabwe,Mohali,2002-03-10,86,3.0,0.0,0.0
33,33,won,M Kaif,Zimbabwe,Kochi,2002-03-13,56,0.0,0.0,0.0
555,615,won,M Kaif,Zimbabwe,Hyderabad (Deccan),2002-03-16,68,0.0,0.0,0.0
34,34,lost,D Mongia,Zimbabwe,Guwahati,2002-03-19,159,0.0,0.0,0.0
35,37,won,D Mongia,West Indies,Bridgetown,2002-05-29,74,0.0,1.0,0.0
36,38,won,SC Ganguly,West Indies,Port of Spain,2002-06-01,39,1.0,1.0,0.0
37,39,lost,SR Tendulkar,West Indies,Port of Spain,2002-06-02,65,1.0,0.0,0.0
38,40,won,V Sehwag,England,Lord's,2002-06-29,71,1.0,1.0,0.0
39,41,lost,SR Tendulkar,Sri Lanka,The Oval,2002-06-30,49,0.0,0.0,0.0
40,42,won,R Dravid,Sri Lanka,Birmingham,2002-07-06,64,0.0,1.0,0.0
41,43,lost,V Sehwag,England,The Oval,2002-07-09,46,0.0,0.0,0.0
554,613,won,SR Tendulkar,Sri Lanka,Bristol,2002-07-11,113,0.0,0.0,0.0
42,44,won,Yuvraj Singh,England,Lord's,2002-07-13,69,0.0,0.0,0.0
553,612,won,R Dravid,Zimbabwe,Colombo (RPS),2002-09-14,71,0.0,1.0,0.0
552,611,lost,V Sehwag,England,Colombo (RPS),2002-09-22,126,0.0,0.0,0.0
551,610,lost,Yuvraj Singh,South Africa,Colombo (RPS),2002-09-25,62,0.0,3.0,0.0
43,45,won,AB Agarkar,West Indies,Jamshedpur,2002-11-06,95,1.0,0.0,0.0
44,46,lost,VVS Laxman,West Indies,Nagpur,2002-11-09,99,0.0,0.0,0.0
45,47,lost,SC Ganguly,West Indies,Rajkot,2002-11-12,72,1.0,0.0,0.0
550,607,won,VVS Laxman,West Indies,Ahmedabad,2002-11-15,66,0.0,0.0,0.0
46,48,lost,VVS Laxman,West Indies,Vadodara,2002-11-18,71,0.0,0.0,0.0
47,49,won,R Dravid,West Indies,Jodhpur,2002-11-21,58,1.0,1.0,0.0
92,100,won,Yuvraj Singh,West Indies,Vijayawada,2002-11-24,68,0.0,0.0,0.0
549,606,lost,SS Das,New Zealand,Auckland,2002-12-26,30,1.0,0.0,0.0
93,101,lost,V Sehwag,New Zealand,Napier,2002-12-29,108,1.0,0.0,0.0
548,605,lost,R Dravid,New Zealand,Christchurch,2003-01-01,20,3.0,0.0,0.0
94,102,lost,Yuvraj Singh,New Zealand,Queenstown,2003-01-04,25,3.0,0.0,0.0
547,604,lost,Yuvraj Singh,New Zealand,Wellington,2003-01-08,54,3.0,0.0,0.0
546,603,won,V Sehwag,New Zealand,Auckland,2003-01-11,112,1.0,0.0,0.0
545,602,won,Yuvraj Singh,New Zealand,Hamilton,2003-01-14,33,1.0,0.0,0.0
95,103,won,SR Tendulkar,Netherlands,Paarl,2003-02-12,52,0.0,0.0,0.0
96,104,won,SR Tendulkar,Australia,Centurion,2003-02-15,36,0.0,0.0,0.0
97,105,won,SR Tendulkar,Zimbabwe,Harare,2003-02-19,81,1.0,0.0,0.0
98,106,lost,SR Tendulkar,Namibia,Pietermaritzburg,2003-02-23,152,0.0,0.0,0.0
544,601,won,R Dravid,England,Durban,2003-02-26,62,0.0,3.0,0.0
99,107,won,SR Tendulkar,Pakistan,Centurion,2003-03-01,98,0.0,0.0,0.0
543,600,lost,SC Ganguly,Kenya,Cape Town,2003-03-07,107,0.0,0.0,0.0
100,108,won,SR Tendulkar,Sri Lanka,Johannesburg,2003-03-10,97,4.0,1.0,0.0
101,109,won,M Kaif,New Zealand,Centurion,2003-03-14,68,0.0,0.0,0.0
542,599,won,SR Tendulkar,Kenya,Durban,2003-03-20,83,2.0,0.0,0.0
102,110,won,V Sehwag,Australia,Johannesburg,2003-03-23,82,0.0,1.0,0.0
541,598,lost,V Sehwag,Bangladesh,Dhaka,2003-04-11,63,3.0,1.0,0.0
540,597,lost,SC Ganguly,South Africa,Dhaka,2003-04-13,75,2.0,0.0,0.0
539,596,won,G Gambhir,Bangladesh,Dhaka,2003-04-16,71,1.0,0.0,0.0
538,595,won,SC Ganguly,South Africa,Dhaka,2003-04-18,61,0.0,0.0,0.0
537,591,lost,VVS Laxman,Australia,Gwalior,2003-10-26,102,1.0,0.0,0.0
536,590,lost,SR Tendulkar,Australia,Wankhede,2003-11-01,68,0.0,0.0,0.0
535,589,,M Kaif,New Zealand,Cuttack,2003-11-06,64,0.0,0.0,0.0
534,588,lost,SR Tendulkar,Australia,Bengaluru,2003-11-12,89,0.0,0.0,0.0
533,587,lost,V Sehwag,New Zealand,Hyderabad (Deccan),2003-11-15,130,0.0,0.0,0.0
532,586,won,R Dravid,Australia,Eden Gardens,2003-11-18,49,0.0,0.0,0.0
531,585,lost,SC Ganguly,Australia,Melbourne,2004-01-09,82,0.0,1.0,0.0
103,111,lost,V Sehwag,Zimbabwe,Hobart,2004-01-14,90,2.0,1.0,0.0
530,584,won,SR Tendulkar,Australia,Brisbane,2004-01-18,86,0.0,0.0,0.0
529,583,lost,R Dravid,Zimbabwe,Brisbane,2004-01-20,84,3.0,0.0,0.0
528,582,won,Yuvraj Singh,Australia,Sydney,2004-01-22,139,3.0,0.0,0.0
527,581,won,VVS Laxman,Zimbabwe,Adelaide,2004-01-24,131,3.0,2.0,0.0
104,112,won,Yuvraj Singh,Australia,Perth,2004-02-01,47,2.0,0.0,0.0
526,580,won,VVS Laxman,Zimbabwe,Perth,2004-02-03,32,4.0,4.0,0.0
525,579,lost,AB Agarkar,Australia,Melbourne,2004-02-06,53,0.0,0.0,0.0
524,578,lost,IK Pathan,Australia,Sydney,2004-02-08,30,2.0,0.0,0.0
105,113,lost,R Dravid,Pakistan,Karachi,2004-03-13,99,1.0,2.0,0.0
523,577,won,SR Tendulkar,Pakistan,Rawalpindi,2004-03-16,141,0.0,0.0,0.0
106,114,won,Yuvraj Singh,Pakistan,Peshawar,2004-03-19,65,0.0,1.0,0.0
522,576,lost,R Dravid,Pakistan,Lahore,2004-03-21,76,0.0,0.0,1.0
521,575,lost,VVS Laxman,Pakistan,Lahore,2004-03-24,107,0.0,0.0,0.0
520,574,lost,R Dravid,U.A.E.,Dambulla,2004-07-16,104,3.0,1.0,1.0
519,573,won,R Dravid,Sri Lanka,Dambulla,2004-07-18,82,0.0,0.0,0.0
107,115,lost,SC Ganguly,Bangladesh,Colombo (SSC),2004-07-21,60,3.0,0.0,0.0
518,572,lost,SR Tendulkar,Pakistan,Colombo (RPS),2004-07-25,78,3.0,0.0,0.0
517,571,won,V Sehwag,Sri Lanka,Colombo (RPS),2004-07-27,81,3.0,1.0,0.0
516,570,won,SR Tendulkar,Sri Lanka,Colombo (RPS),2004-08-01,74,2.0,0.0,0.0
108,116,won,VVS Laxman,Pakistan,Amstelveen,2004-08-21,37,0.0,0.0,0.0
109,118,lost,M Kaif,England,Nottingham,2004-09-01,50,0.0,0.0,0.0
110,119,won,M Kaif,England,The Oval,2004-09-03,51,0.0,0.0,0.0
111,120,won,SC Ganguly,England,Lord's,2004-09-05,90,2.0,0.0,0.0
112,121,won,SC Ganguly,Kenya,Southampton,2004-09-11,90,0.0,2.0,0.0
113,122,won,R Dravid,Pakistan,Birmingham,2004-09-19,67,1.0,3.0,0.0
515,569,won,Yuvraj Singh,Pakistan,Eden Gardens,2004-11-13,78,0.0,0.0,0.0
114,123,won,M Kaif,Bangladesh,Chattogram,2004-12-23,80,2.0,1.0,0.0
514,568,lost,S Sriram,Bangladesh,Dhaka,2004-12-26,57,1.0,0.0,0.0
513,567,won,V Sehwag,Bangladesh,Dhaka,2004-12-27,70,0.0,0.0,0.0
115,124,won,V Sehwag,Pakistan,Kochi,2005-04-02,108,0.0,2.0,0.0
116,125,lost,MS Dhoni,Pakistan,Visakhapatnam,2005-04-05,148,1.0,2.0,0.0
117,126,won,IK Pathan,Pakistan,Jamshedpur,2005-04-09,64,0.0,1.0,0.0
118,127,won,SR Tendulkar,Pakistan,Ahmedabad,2005-04-12,123,1.0,1.0,0.0
119,128,lost,R Dravid,Pakistan,Kanpur,2005-04-15,86,0.0,0.0,0.0
120,129,lost,MS Dhoni,Pakistan,Delhi,2005-04-17,24,3.0,2.0,0.0
512,566,lost,R Dravid,Sri Lanka,Dambulla,2005-07-30,54,2.0,0.0,0.0
511,565,,SK Raina,West Indies,Dambulla,2005-07-31,35,1.0,1.0,0.0
510,564,lost,SC Ganguly,Sri Lanka,Dambulla,2005-08-03,51,0.0,0.0,0.0
509,563,won,Yuvraj Singh,West Indies,Colombo (RPS),2005-08-07,110,0.0,0.0,0.0
508,562,won,R Dravid,Sri Lanka,Colombo (RPS),2005-08-09,69,0.0,0.0,0.0
121,130,lost,Jai P Yadav,New Zealand,Bulawayo,2005-08-26,69,1.0,0.0,0.0
122,131,lost,M Kaif,Zimbabwe,Harare,2005-08-29,65,5.0,0.0,0.0
123,132,,M Kaif,New Zealand,Harare,2005-09-02,102,0.0,1.0,0.0
124,133,lost,Yuvraj Singh,Zimbabwe,Harare,2005-09-04,120,0.0,0.0,0.0
125,134,,V Sehwag,New Zealand,Harare,2005-09-06,75,3.0,1.0,0.0
126,135,won,SR Tendulkar,Sri Lanka,Nagpur,2005-10-25,93,1.0,0.0,0.0
507,561,lost,V Sehwag,Sri Lanka,Mohali,2005-10-28,38,2.0,1.0,0.0
127,136,lost,MS Dhoni,Sri Lanka,Jaipur,2005-10-31,183,1.0,1.0,0.0
128,137,won,R Dravid,Sri Lanka,Pune,2005-11-03,63,1.0,0.0,0.0
506,560,won,G Gambhir,Sri Lanka,Ahmedabad,2005-11-06,103,0.0,0.0,0.0
129,138,lost,Yuvraj Singh,Sri Lanka,Rajkot,2005-11-09,79,4.0,0.0,0.0
130,139,lost,MS Dhoni,Sri Lanka,Vadodara,2005-11-12,80,3.0,1.0,0.0
131,140,lost,Yuvraj Singh,South Africa,Hyderabad,2005-11-16,103,0.0,0.0,0.0
505,559,won,V Sehwag,South Africa,Bengaluru,2005-11-19,77,2.0,0.0,0.0
504,557,won,Yuvraj Singh,South Africa,Eden Gardens,2005-11-25,53,0.0,0.0,0.0
503,556,won,Yuvraj Singh,South Africa,Wankhede,2005-11-28,49,0.0,2.0,0.0
132,141,lost,SR Tendulkar,Pakistan,Peshawar,2006-02-06,100,0.0,0.0,0.0
133,142,won,V Sehwag,Pakistan,Rawalpindi,2006-02-11,67,0.0,0.0,0.0
502,555,won,SR Tendulkar,Pakistan,Lahore,2006-02-13,95,1.0,0.0,0.0
501,554,won,R Dravid,Pakistan,Multan,2006-02-16,59,3.0,1.0,0.0
134,143,won,Yuvraj Singh,Pakistan,Karachi,2006-02-19,107,4.0,0.0,0.0
135,144,lost,Harbhajan Singh,England,Delhi,2006-03-28,37,5.0,0.0,0.0
136,145,won,SK Raina,England,Faridabad,2006-03-31,81,0.0,0.0,0.0
137,146,won,Yuvraj Singh,England,Margao,2006-04-03,103,0.0,2.0,0.0
138,147,won,R Dravid,England,Kochi,2006-04-06,65,2.0,1.0,0.0
139,149,lost,MS Dhoni,England,Jamshedpur,2006-04-12,96,2.0,1.0,0.0
189,200,lost,RV Uthappa,England,Indore,2006-04-15,86,1.0,1.0,0.0
500,553,won,SK Raina,Pakistan,Abu Dhabi,2006-04-18,40,0.0,0.0,0.0
499,552,won,R Dravid,Pakistan,Abu Dhabi,2006-04-19,92,3.0,1.0,0.0
190,201,won,R Dravid,West Indies,Kingston,2006-05-18,105,0.0,1.0,0.0
191,202,lost,Yuvraj Singh,West Indies,Kingston,2006-05-20,93,1.0,0.0,0.0
192,203,lost,V Sehwag,West Indies,Basseterre,2006-05-23,97,0.0,0.0,0.0
193,204,won,M Kaif,West Indies,Port of Spain,2006-05-26,62,0.0,0.0,0.0
194,205,won,V Sehwag,West Indies,Port of Spain,2006-05-28,95,1.0,1.0,0.0
498,548,lost,SR Tendulkar,West Indies,Kuala Lumpur,2006-09-14,141,0.0,0.0,0.0
497,546,won,SR Tendulkar,West Indies,Kuala Lumpur,2006-09-20,65,3.0,0.0,0.0
496,545,lost,D Mongia,Australia,Kuala Lumpur,2006-09-22,63,1.0,0.0,0.0
495,544,won,SR Tendulkar,England,Jaipur,2006-10-15,35,2.0,1.0,0.0
494,543,won,MS Dhoni,West Indies,Ahmedabad,2006-10-26,51,0.0,0.0,0.0
493,542,lost,V Sehwag,Australia,Mohali,2006-10-29,65,0.0,0.0,0.0
492,540,lost,SR Tendulkar,South Africa,Durban,2006-11-22,35,0.0,1.0,0.0
195,210,won,R Dravid,South Africa,Cape Town,2006-11-26,63,0.0,0.0,0.0
491,539,lost,MS Dhoni,South Africa,Gqeberha,2006-11-29,26,0.0,1.0,0.0
196,211,lost,SR Tendulkar,South Africa,Centurion,2006-12-03,55,0.0,0.0,0.0
197,212,lost,SC Ganguly,West Indies,Nagpur,2007-01-21,98,1.0,0.0,0.0
490,538,lost,KD Karthik,West Indies,Cuttack,2007-01-24,63,1.0,0.0,0.0
489,537,lost,RV Uthappa,West Indies,Chennai,2007-01-27,70,0.0,2.0,0.0
198,213,won,R Dravid,West Indies,Vadodara,2007-01-31,78,2.0,0.0,0.0
199,214,won,SC Ganguly,Sri Lanka,Rajkot,2007-02-11,62,0.0,0.0,0.0
200,215,won,R Dravid,Sri Lanka,Margao,2007-02-14,66,0.0,0.0,0.0
201,216,lost,RV Uthappa,Sri Lanka,Visakhapatnam,2007-02-17,52,1.0,3.0,0.0
202,217,won,SC Ganguly,Bangladesh,Port of Spain,2007-03-17,66,0.0,0.0,0.0
203,218,won,V Sehwag,Bermuda,Port of Spain,2007-03-19,114,0.0,0.0,0.0
204,219,won,R Dravid,Sri Lanka,Port of Spain,2007-03-23,60,1.0,0.0,0.0
205,220,lost,MS Dhoni,Bangladesh,Mirpur,2007-05-10,91,1.0,0.0,1.0
206,221,won,G Gambhir,Bangladesh,Mirpur,2007-05-12,101,2.0,0.0,0.0
207,223,lost,G Gambhir,Ireland,Belfast,2007-06-23,80,0.0,0.0,0.0
208,224,lost,SR Tendulkar,South Africa,Belfast,2007-06-26,99,0.0,1.0,0.0
209,225,won,SR Tendulkar,South Africa,Belfast,2007-06-29,93,0.0,0.0,0.0
210,226,won,R Dravid,South Africa,Belfast,2007-07-01,36,0.0,0.0,0.0
211,228,won,RV Uthappa,Scotland,Glasgow,2007-08-16,55,2.0,0.0,0.0
488,535,won,R Dravid,England,Southampton,2007-08-21,46,1.0,1.0,0.0
487,534,won,SR Tendulkar,England,Bristol,2007-08-24,99,0.0,0.0,0.0
212,229,won,SC Ganguly,England,Birmingham,2007-08-27,72,1.0,0.0,0.0
486,533,lost,Yuvraj Singh,England,Manchester,2007-08-30,71,0.0,1.0,0.0
213,230,lost,Yuvraj Singh,England,Leeds,2007-09-02,72,0.0,0.0,0.0
214,231,lost,SR Tendulkar,England,The Oval,2007-09-05,94,0.0,0.0,0.0
215,232,lost,MS Dhoni,England,Lord's,2007-09-08,50,0.0,1.0,0.0
216,233,lost,MS Dhoni,Australia,Kochi,2007-10-02,58,0.0,1.0,1.0
217,234,won,Yuvraj Singh,Australia,Hyderabad,2007-10-05,121,1.0,0.0,0.0
218,235,won,SR Tendulkar,Australia,Chandigarh,2007-10-08,79,0.0,0.0,0.0
219,236,won,SR Tendulkar,Australia,Vadodara,2007-10-11,47,0.0,0.0,0.0
220,237,lost,SC Ganguly,Australia,Nagpur,2007-10-14,86,0.0,0.0,0.0
485,531,lost,RV Uthappa,Australia,Wankhede,2007-10-17,47,0.0,1.0,0.0
221,238,lost,MS Dhoni,Pakistan,Guwahati,2007-11-05,63,2.0,0.0,1.0
484,530,,SR Tendulkar,Pakistan,Mohali,2007-11-08,99,0.0,0.0,0.0
222,239,won,Yuvraj Singh,Pakistan,Kanpur,2007-11-11,77,1.0,0.0,0.0
483,529,,SR Tendulkar,Pakistan,Gwalior,2007-11-15,97,0.0,0.0,0.0
482,528,won,RG Sharma,Pakistan,Jaipur,2007-11-18,52,1.0,1.0,0.0
481,525,won,SR Tendulkar,Australia,Melbourne,2008-02-10,44,0.0,2.0,0.0
223,240,won,RG Sharma,Sri Lanka,Canberra,2008-02-12,70,0.0,0.0,0.0
480,524,won,MS Dhoni,Australia,Adelaide,2008-02-17,37,0.0,3.0,1.0
479,523,won,Yuvraj Singh,Sri Lanka,Adelaide,2008-02-19,76,0.0,0.0,0.0
478,522,won,G Gambhir,Australia,Sydney,2008-02-24,113,0.0,0.0,0.0
224,241,lost,SR Tendulkar,Sri Lanka,Hobart,2008-02-26,63,0.0,0.0,0.0
477,521,lost,RG Sharma,Australia,Sydney,2008-03-02,66,0.0,1.0,0.0
476,520,won,SR Tendulkar,Australia,Brisbane,2008-03-04,91,0.0,0.0,0.0
475,519,,V Sehwag,Pakistan,Mirpur,2008-06-10,89,1.0,0.0,0.0
474,518,won,V Sehwag,Bangladesh,Mirpur,2008-06-12,59,0.0,1.0,0.0
473,517,won,MS Dhoni,Pakistan,Mirpur,2008-06-14,64,0.0,1.0,0.0
472,516,won,SK Raina,Hong Kong,Karachi,2008-06-25,101,2.0,0.0,0.0
471,515,lost,V Sehwag,Pakistan,Karachi,2008-06-26,119,0.0,0.0,0.0
470,514,won,G Gambhir,Bangladesh,Karachi,2008-06-28,90,0.0,0.0,0.0
469,513,won,MS Dhoni,Pakistan,Karachi,2008-07-02,76,0.0,0.0,0.0
468,512,won,G Gambhir,Sri Lanka,Karachi,2008-07-03,68,0.0,2.0,0.0
467,511,lost,V Sehwag,Sri Lanka,Karachi,2008-07-06,60,1.0,0.0,0.0
225,242,lost,Yuvraj Singh,Sri Lanka,Dambulla,2008-08-18,23,0.0,0.0,0.0
226,243,won,MS Dhoni,Sri Lanka,Dambulla,2008-08-20,39,0.0,1.0,0.0
466,510,won,MS Dhoni,Sri Lanka,Colombo (RPS),2008-08-24,76,0.0,2.0,0.0
465,508,lost,SK Raina,Sri Lanka,Colombo (RPS),2008-08-27,76,0.0,2.0,0.0
464,507,lost,V Kohli,Sri Lanka,Colombo (RPS),2008-08-29,31,0.0,0.0,0.0
227,244,lost,V Sehwag,England,Rajkot,2008-11-14,85,1.0,2.0,0.0
228,245,lost,Yuvraj Singh,England,Indore,2008-11-17,118,4.0,0.0,0.0
229,246,won,V Sehwag,England,Kanpur,2008-11-20,68,0.0,0.0,0.0
463,506,lost,V Sehwag,England,Bengaluru,2008-11-23,69,0.0,0.0,0.0
462,505,won,V Sehwag,England,Cuttack,2008-11-26,91,0.0,0.0,0.0
230,248,lost,G Gambhir,Sri Lanka,Dambulla,2009-01-28,62,0.0,0.0,0.0
461,503,lost,Yuvraj Singh,Sri Lanka,Colombo (RPS),2009-01-31,66,0.0,0.0,0.0
457,499,lost,Yuvraj Singh,Sri Lanka,Colombo (RPS),2009-02-03,117,1.0,2.0,0.0
456,498,lost,G Gambhir,Sri Lanka,Colombo (RPS),2009-02-05,150,2.0,1.0,0.0
231,249,won,Yuvraj Singh,Sri Lanka,Colombo (RPS),2009-02-08,73,2.0,0.0,0.0
455,497,won,V Sehwag,New Zealand,Napier,2009-03-03,77,1.0,2.0,0.0
454,495,won,Yuvraj Singh,New Zealand,Christchurch,2009-03-08,87,2.0,0.0,0.0
453,494,lost,V Sehwag,New Zealand,Hamilton,2009-03-11,125,1.0,0.0,0.0
452,493,lost,V Sehwag,New Zealand,Auckland,2009-03-14,40,1.0,0.0,0.0
276,300,lost,Yuvraj Singh,West Indies,Kingston,2009-06-26,131,0.0,0.0,0.0
277,301,won,MS Dhoni,West Indies,Kingston,2009-06-28,95,0.0,0.0,1.0
278,302,lost,KD Karthik,West Indies,Gros Islet,2009-07-03,47,0.0,0.0,0.0
451,492,won,SR Tendulkar,New Zealand,Colombo (RPS),2009-09-11,46,0.0,0.0,0.0
450,491,won,R Dravid,Sri Lanka,Colombo (RPS),2009-09-12,47,0.0,0.0,0.0
449,490,lost,SR Tendulkar,Sri Lanka,Colombo (RPS),2009-09-14,138,1.0,0.0,0.0
448,489,lost,R Dravid,Pakistan,Centurion,2009-09-26,76,0.0,0.0,0.0
447,487,lost,V Kohli,West Indies,Johannesburg,2009-09-30,79,2.0,0.0,0.0
279,304,lost,G Gambhir,Australia,Vadodara,2009-10-25,68,1.0,1.0,0.0
446,486,lost,MS Dhoni,Australia,Nagpur,2009-10-28,124,0.0,1.0,1.0
445,485,won,Yuvraj Singh,Australia,Delhi,2009-10-31,78,1.0,0.0,0.0
444,484,won,SR Tendulkar,Australia,Mohali,2009-11-02,40,2.0,0.0,0.0
443,483,won,SR Tendulkar,Australia,Hyderabad,2009-11-05,175,0.0,1.0,0.0
280,305,won,RA Jadeja,Australia,Guwahati,2009-11-08,57,0.0,0.0,0.0
281,306,won,V Sehwag,Sri Lanka,Rajkot,2009-12-15,146,1.0,0.0,0.0
442,481,won,MS Dhoni,Sri Lanka,Nagpur,2009-12-18,107,0.0,1.0,0.0
441,480,lost,SR Tendulkar,Sri Lanka,Cuttack,2009-12-21,96,1.0,0.0,0.0
440,479,lost,V Kohli,Sri Lanka,Eden Gardens,2009-12-24,107,0.0,1.0,0.0
439,478,won,Yuvraj Singh,Sri Lanka,Mirpur,2010-01-05,74,0.0,0.0,0.0
438,477,lost,V Kohli,Bangladesh,Mirpur,2010-01-07,91,0.0,1.0,0.0
437,476,won,G Gambhir,Sri Lanka,Mirpur,2010-01-10,71,1.0,1.0,0.0
436,475,won,V Kohli,Bangladesh,Mirpur,2010-01-11,102,1.0,1.0,0.0
435,474,lost,SK Raina,Sri Lanka,Mirpur,2010-01-13,106,1.0,0.0,0.0
434,473,won,SK Raina,South Africa,Jaipur,2010-02-21,58,0.0,0.0,0.0
433,472,won,SR Tendulkar,South Africa,Gwalior,2010-02-24,200,2.0,0.0,0.0
432,471,lost,V Kohli,South Africa,Ahmedabad,2010-02-27,57,0.0,0.0,0.0
282,308,won,RG Sharma,Zimbabwe,Bulawayo,2010-05-28,114,0.0,0.0,0.0
283,309,lost,V Kohli,Sri Lanka,Bulawayo,2010-05-30,82,2.0,0.0,0.0
284,310,won,RA Jadeja,Zimbabwe,Harare,2010-06-03,51,2.0,0.0,0.0
285,311,lost,V Kohli,Sri Lanka,Harare,2010-06-05,68,0.0,1.0,0.0
431,470,lost,G Gambhir,Bangladesh,Dambulla,2010-06-16,82,4.0,0.0,0.0
430,469,won,G Gambhir,Pakistan,Dambulla,2010-06-19,83,0.0,0.0,0.0
429,468,won,RG Sharma,Sri Lanka,Dambulla,2010-06-22,69,0.0,0.0,0.0
428,467,lost,KD Karthik,Sri Lanka,Dambulla,2010-06-24,66,0.0,0.0,0.0
427,466,lost,RA Jadeja,New Zealand,Dambulla,2010-08-10,20,0.0,0.0,0.0
426,465,won,V Sehwag,Sri Lanka,Dambulla,2010-08-16,99,0.0,0.0,0.0
425,464,won,Yuvraj Singh,Sri Lanka,Dambulla,2010-08-22,38,2.0,0.0,0.0
424,463,won,V Sehwag,New Zealand,Dambulla,2010-08-25,110,1.0,0.0,0.0
423,462,lost,MS Dhoni,Sri Lanka,Dambulla,2010-08-28,67,0.0,2.0,0.0
422,461,lost,V Kohli,Australia,Visakhapatnam,2010-10-20,118,0.0,0.0,0.0
286,314,won,V Kohli,New Zealand,Guwahati,2010-11-28,105,3.0,0.0,0.0
421,460,won,G Gambhir,New Zealand,Jaipur,2010-12-01,138,0.0,0.0,0.0
287,315,lost,G Gambhir,New Zealand,Vadodara,2010-12-04,126,2.0,1.0,0.0
420,459,lost,YK Pathan,New Zealand,Bengaluru,2010-12-07,123,3.0,1.0,0.0
419,458,lost,PA Patel,New Zealand,Chennai,2010-12-10,56,2.0,2.0,0.0
418,457,won,V Kohli,South Africa,Durban,2011-01-12,54,1.0,0.0,0.0
417,456,lost,Yuvraj Singh,South Africa,Johannesburg,2011-01-15,53,0.0,1.0,0.0
416,455,lost,YK Pathan,South Africa,Cape Town,2011-01-18,59,1.0,0.0,0.0
415,454,won,V Kohli,South Africa,Gqeberha,2011-01-21,87,0.0,1.0,0.0
288,316,lost,YK Pathan,South Africa,Centurion,2011-01-23,105,0.0,1.0,0.0
414,453,lost,V Sehwag,Bangladesh,Mirpur,2011-02-19,175,1.0,0.0,0.0
413,451,won,SR Tendulkar,Ireland,Bengaluru,2011-03-06,38,5.0,0.0,0.0
412,450,won,V Sehwag,Netherlands,Delhi,2011-03-09,39,2.0,0.0,0.0
365,399,lost,SR Tendulkar,South Africa,Nagpur,2011-03-12,111,0.0,1.0,0.0
364,398,won,Yuvraj Singh,West Indies,Chennai,2011-03-20,113,2.0,0.0,0.0
363,397,won,SR Tendulkar,Australia,Ahmedabad,2011-03-24,53,0.0,0.0,0.0
362,396,lost,SR Tendulkar,Pakistan,Mohali,2011-03-30,85,2.0,1.0,0.0
361,395,lost,G Gambhir,Sri Lanka,Wankhede,2011-04-02,97,0.0,0.0,0.0
289,317,won,S Dhawan,West Indies,Port of Spain,2011-06-06,51,2.0,0.0,0.0
290,318,lost,V Kohli,West Indies,Port of Spain,2011-06-08,81,0.0,0.0,0.0
291,319,lost,PA Patel,West Indies,North Sound,2011-06-11,46,1.0,3.0,1.0
292,320,won,RG Sharma,West Indies,North Sound,2011-06-13,39,1.0,0.0,0.0
293,321,won,V Kohli,West Indies,Kingston,2011-06-16,94,0.0,0.0,0.0
360,394,lost,AM Rahane,England,Southampton,2011-09-06,54,0.0,0.0,0.0
359,393,lost,RA Jadeja,England,The Oval,2011-09-09,78,2.0,0.0,0.0
358,392,won,V Kohli,England,Cardiff,2011-09-16,107,1.0,0.0,0.0
357,391,lost,SK Raina,England,Hyderabad,2011-10-14,61,0.0,0.0,0.0
356,390,won,V Kohli,England,Delhi,2011-10-17,112,0.0,2.0,0.0
355,389,,AM Rahane,England,Mohali,2011-10-20,91,1.0,0.0,0.0
354,388,lost,SK Raina,England,Wankhede,2011-10-23,80,0.0,0.0,0.0
353,387,,AM Rahane,England,Eden Gardens,2011-10-25,42,1.0,1.0,0.0
352,386,lost,RG Sharma,West Indies,Cuttack,2011-11-29,72,0.0,0.0,0.0
351,385,lost,V Kohli,West Indies,Visakhapatnam,2011-12-02,117,2.0,0.0,0.0
350,384,lost,RG Sharma,West Indies,Ahmedabad,2011-12-05,95,1.0,0.0,0.0
349,383,lost,V Sehwag,West Indies,Indore,2011-12-08,219,2.0,0.0,0.0
348,382,won,V Kohli,West Indies,Chennai,2011-12-11,80,0.0,0.0,0.0
347,381,won,V Kohli,Australia,Melbourne,2012-02-05,31,0.0,1.0,0.0
346,380,lost,V Kohli,Sri Lanka,Perth,2012-02-08,77,3.0,1.0,0.0
345,379,won,G Gambhir,Australia,Adelaide,2012-02-12,92,0.0,0.0,0.0
344,377,won,MS Dhoni,Australia,Brisbane,2012-02-19,56,0.0,0.0,0.0
343,376,won,V Kohli,Sri Lanka,Brisbane,2012-02-21,66,0.0,0.0,0.0
342,375,won,R Ashwin,Australia,Sydney,2012-02-26,26,0.0,0.0,0.0
341,374,won,V Kohli,Sri Lanka,Hobart,2012-02-28,133,0.0,0.0,0.0
340,373,won,V Kohli,Sri Lanka,Mirpur,2012-03-13,108,0.0,2.0,0.0
339,372,won,SR Tendulkar,Bangladesh,Mirpur,2012-03-16,114,0.0,0.0,0.0
338,371,won,V Kohli,Pakistan,Mirpur,2012-03-18,183,0.0,2.0,0.0
337,370,won,V Kohli,Sri Lanka,Hambantota,2012-07-21,106,0.0,1.0,0.0
336,369,lost,G Gambhir,Sri Lanka,Hambantota,2012-07-24,65,1.0,0.0,0.0
335,368,won,G Gambhir,Sri Lanka,Colombo (RPS),2012-07-28,102,1.0,0.0,0.0
334,367,lost,V Kohli,Sri Lanka,Colombo (RPS),2012-07-31,128,0.0,1.0,0.0
333,366,won,G Gambhir,Sri Lanka,Pallekele,2012-08-04,88,0.0,0.0,0.0
294,324,won,MS Dhoni,Pakistan,Chennai,2012-12-30,113,0.0,0.0,0.0
332,365,lost,V Sehwag,Pakistan,Eden Gardens,2013-01-03,31,1.0,2.0,0.0
331,364,won,MS Dhoni,Pakistan,Delhi,2013-01-06,36,1.0,1.0,1.0
330,363,lost,Yuvraj Singh,England,Rajkot,2013-01-11,61,1.0,0.0,0.0
329,362,won,MS Dhoni,England,Kochi,2013-01-15,72,0.0,3.0,0.0
328,361,won,V Kohli,England,Ranchi,2013-01-19,77,1.0,0.0,0.0
327,360,won,RG Sharma,England,Mohali,2013-01-23,83,0.0,0.0,0.0
295,325,lost,SK Raina,England,Dharamsala,2013-01-27,83,1.0,0.0,0.0
296,326,won,S Dhawan,South Africa,Cardiff,2013-06-06,114,2.0,0.0,0.0
297,327,lost,RG Sharma,West Indies,The Oval,2013-06-11,52,0.0,0.0,0.0
298,328,won,S Dhawan,Pakistan,Birmingham,2013-06-15,48,0.0,0.0,0.0
299,329,lost,S Dhawan,Sri Lanka,Cardiff,2013-06-20,68,3.0,1.0,0.0
300,330,lost,V Kohli,England,Birmingham,2013-06-23,43,2.0,0.0,0.0
301,331,,RG Sharma,West Indies,Kingston,2013-06-30,60,1.0,0.0,0.0
302,332,lost,SK Raina,Sri Lanka,Kingston,2013-07-02,33,0.0,0.0,0.0
303,333,lost,V Kohli,West Indies,Port of Spain,2013-07-05,102,0.0,0.0,0.0
304,334,won,V Kohli,Sri Lanka,Port of Spain,2013-07-09,31,4.0,1.0,0.0
305,335,won,RG Sharma,Sri Lanka,Port of Spain,2013-07-11,58,0.0,0.0,0.0
306,336,lost,V Kohli,Zimbabwe,Harare,2013-07-24,115,3.0,0.0,0.0
307,337,lost,S Dhawan,Zimbabwe,Harare,2013-07-26,116,1.0,1.0,0.0
308,338,won,S Dhawan,Zimbabwe,Harare,2013-07-28,35,0.0,1.0,0.0
309,339,won,SK Raina,Zimbabwe,Bulawayo,2013-08-01,65,3.0,0.0,0.0
310,340,won,AM Rahane,Zimbabwe,Bulawayo,2013-08-03,50,1.0,0.0,0.0
326,359,won,V Kohli,Australia,Pune,2013-10-13,61,0.0,1.0,0.0
325,358,lost,S Dhawan,Australia,Jaipur,2013-10-16,95,2.0,0.0,0.0
324,357,won,MS Dhoni,Australia,Mohali,2013-10-19,139,0.0,1.0,0.0
323,354,won,S Dhawan,Australia,Nagpur,2013-10-30,100,0.0,1.0,0.0
322,353,won,RG Sharma,Australia,Bengaluru,2013-11-02,209,3.0,0.0,0.0
321,352,lost,V Kohli,West Indies,Kochi,2013-11-21,86,0.0,0.0,0.0
320,351,lost,V Kohli,West Indies,Visakhapatnam,2013-11-24,99,0.0,0.0,0.0
311,341,won,S Dhawan,West Indies,Kanpur,2013-11-27,119,0.0,1.0,0.0
319,350,won,MS Dhoni,South Africa,Johannesburg,2013-12-05,65,1.0,0.0,0.0
312,342,lost,SK Raina,South Africa,Durban,2013-12-08,36,0.0,0.0,0.0
275,298,lost,V Kohli,New Zealand,Napier,2014-01-19,123,0.0,0.0,0.0
274,297,lost,V Kohli,New Zealand,Hamilton,2014-01-22,78,0.0,0.0,0.0
273,295,won,RG Sharma,New Zealand,Hamilton,2014-01-28,79,0.0,0.0,0.0
272,294,,V Kohli,New Zealand,Wellington,2014-01-31,82,1.0,0.0,0.0
271,293,lost,V Kohli,Bangladesh,Fatullah,2014-02-26,136,0.0,0.0,0.0
270,292,won,S Dhawan,Sri Lanka,Fatullah,2014-02-28,94,2.0,0.0,0.0
269,291,won,AT Rayudu,Pakistan,Mirpur,2014-03-02,58,0.0,0.0,0.0
268,290,won,S Dhawan,Afghanistan,Mirpur,2014-03-05,60,4.0,0.0,0.0
267,289,won,AM Rahane,Bangladesh,Mirpur,2014-06-15,64,0.0,2.0,0.0
266,288,won,SK Raina,Bangladesh,Mirpur,2014-06-17,27,0.0,0.0,0.0
313,344,lost,SK Raina,England,Cardiff,2014-08-27,100,1.0,0.0,0.0
314,345,lost,AM Rahane,England,Nottingham,2014-08-30,45,1.0,0.0,0.0
315,346,lost,AM Rahane,England,Birmingham,2014-09-02,106,2.0,1.0,0.0
316,347,lost,RA Jadeja,England,Leeds,2014-09-05,87,0.0,0.0,0.0
265,286,won,S Dhawan,West Indies,Kochi,2014-10-08,68,4.0,2.0,0.0
264,285,won,V Kohli,West Indies,Delhi,2014-10-11,62,0.0,1.0,0.0
263,283,won,V Kohli,West Indies,Dharamsala,2014-10-17,127,0.0,0.0,0.0
262,281,lost,S Dhawan,Sri Lanka,Cuttack,2014-11-02,113,1.0,1.0,0.0
261,280,won,S Dhawan,Sri Lanka,Ahmedabad,2014-11-06,79,2.0,1.0,0.0
260,279,lost,S Dhawan,Sri Lanka,Hyderabad,2014-11-09,91,1.0,1.0,0.0
259,278,won,RG Sharma,Sri Lanka,Eden Gardens,2014-11-13,264,0.0,0.0,0.0
258,277,won,V Kohli,Sri Lanka,Ranchi,2014-11-16,139,0.0,0.0,0.0
257,276,lost,RG Sharma,Australia,Melbourne,2015-01-18,138,0.0,0.0,0.0
256,275,lost,STR Binny,England,Brisbane,2015-01-20,44,1.0,0.0,0.0
317,348,won,AM Rahane,England,Perth,2015-01-30,73,1.0,0.0,0.0
255,273,lost,V Kohli,Pakistan,Adelaide,2015-02-15,107,0.0,1.0,0.0
254,272,lost,S Dhawan,South Africa,Melbourne,2015-02-22,137,0.0,2.0,0.0
253,271,lost,RG Sharma,U.A.E.,Perth,2015-02-28,57,4.0,0.0,0.0
252,270,won,V Kohli,West Indies,Perth,2015-03-06,33,2.0,2.0,0.0
251,269,lost,S Dhawan,Ireland,Hamilton,2015-03-10,100,0.0,0.0,0.0
250,268,won,SK Raina,Zimbabwe,Auckland,2015-03-14,110,3.0,0.0,0.0
249,267,won,RG Sharma,Bangladesh,Melbourne,2015-03-19,137,0.0,0.0,0.0
248,266,lost,MS Dhoni,Australia,Sydney,2015-03-26,65,0.0,0.0,0.0
247,265,lost,RG Sharma,Bangladesh,Mirpur,2015-06-18,63,0.0,3.0,0.0
246,264,,S Dhawan,Bangladesh,Mirpur,2015-06-21,53,0.0,1.0,0.0
245,263,,S Dhawan,Bangladesh,Mirpur,2015-06-24,75,1.0,0.0,0.0
318,349,lost,STR Binny,Zimbabwe,Harare,2015-07-10,77,2.0,1.0,0.0
366,400,won,M Vijay,Zimbabwe,Harare,2015-07-12,72,0.0,1.0,0.0
367,401,,MK Pandey,Zimbabwe,Harare,2015-07-14,71,1.0,0.0,0.0
368,402,lost,RG Sharma,South Africa,Kanpur,2015-10-11,150,0.0,0.0,0.0
244,262,won,AM Rahane,South Africa,Indore,2015-10-14,51,2.0,0.0,0.0
243,261,won,V Kohli,South Africa,Rajkot,2015-10-18,77,1.0,0.0,0.0
242,260,won,V Kohli,South Africa,Chennai,2015-10-22,138,1.0,0.0,0.0
241,259,won,AM Rahane,South Africa,Wankhede,2015-10-25,87,1.0,0.0,0.0
369,403,won,V Kohli,Australia,Perth,2016-01-12,91,0.0,2.0,0.0
240,258,won,RG Sharma,Australia,Brisbane,2016-01-15,124,0.0,0.0,0.0
239,257,won,V Kohli,Australia,Melbourne,2016-01-17,117,0.0,0.0,0.0
238,256,,S Dhawan,Australia,Canberra,2016-01-20,126,0.0,0.0,0.0
237,255,won,RG Sharma,Australia,Sydney,2016-01-23,99,2.0,1.0,0.0
370,404,won,KL Rahul,Zimbabwe,Harare,2016-06-11,100,4.0,1.0,0.0
371,405,lost,KK Nair,Zimbabwe,Harare,2016-06-13,39,3.0,0.0,0.0
372,406,won,KL Rahul,Zimbabwe,Harare,2016-06-15,63,4.0,2.0,0.0
236,254,won,V Kohli,New Zealand,Dharamsala,2016-10-16,85,2.0,0.0,0.0
235,253,won,KM Jadhav,New Zealand,Delhi,2016-10-20,41,1.0,0.0,0.0
234,252,lost,MS Dhoni,New Zealand,Mohali,2016-10-23,80,3.0,0.0,2.0
233,251,won,AM Rahane,New Zealand,Ranchi,2016-10-26,57,1.0,1.0,0.0
232,250,won,RG Sharma,New Zealand,Visakhapatnam,2016-10-29,70,2.0,0.0,0.0
188,199,lost,V Kohli,England,Pune,2017-01-15,122,0.0,0.0,0.0
187,198,won,Yuvraj Singh,England,Cuttack,2017-01-19,150,0.0,0.0,0.0
186,197,lost,KM Jadhav,England,Eden Gardens,2017-01-22,90,3.0,0.0,0.0
373,407,lost,RG Sharma,Pakistan,Birmingham,2017-06-04,91,2.0,0.0,0.0
374,408,won,S Dhawan,Sri Lanka,The Oval,2017-06-08,125,0.0,0.0,0.0
375,409,won,S Dhawan,South Africa,The Oval,2017-06-11,78,2.0,0.0,0.0
376,410,won,RG Sharma,Bangladesh,Birmingham,2017-06-15,123,2.0,0.0,0.0
377,411,lost,HH Pandya,Pakistan,The Oval,2017-06-18,76,1.0,0.0,0.0
378,413,won,AM Rahane,West Indies,Port of Spain,2017-06-25,103,0.0,0.0,0.0
379,414,won,AM Rahane,West Indies,North Sound,2017-06-30,72,1.0,0.0,0.0
380,415,won,AM Rahane,West Indies,North Sound,2017-07-02,60,3.0,0.0,0.0
381,416,lost,V Kohli,West Indies,Kingston,2017-07-06,111,4.0,1.0,0.0
185,196,lost,S Dhawan,Sri Lanka,Dambulla,2017-08-20,132,2.0,1.0,0.0
184,195,won,RG Sharma,Sri Lanka,Pallekele,2017-08-24,54,0.0,1.0,0.0
183,194,lost,RG Sharma,Sri Lanka,Pallekele,2017-08-27,124,5.0,1.0,0.0
182,193,won,V Kohli,Sri Lanka,Colombo (RPS),2017-08-31,131,0.0,0.0,0.0
181,192,won,KM Jadhav,Sri Lanka,Colombo (RPS),2017-09-03,63,0.0,0.0,0.0
180,191,lost,HH Pandya,Australia,Chennai,2017-09-17,83,2.0,0.0,0.0
179,190,lost,V Kohli,Australia,Eden Gardens,2017-09-21,92,3.0,0.0,0.0
178,189,lost,HH Pandya,Australia,Indore,2017-09-24,78,1.0,0.0,0.0
177,188,won,KM Jadhav,Australia,Bengaluru,2017-09-28,67,1.0,0.0,0.0
176,187,lost,RG Sharma,Australia,Nagpur,2017-10-01,125,1.0,0.0,0.0
175,186,lost,V Kohli,New Zealand,Wankhede,2017-10-22,121,1.0,0.0,0.0
174,185,lost,S Dhawan,New Zealand,Pune,2017-10-25,68,1.0,0.0,0.0
173,184,lost,RG Sharma,New Zealand,Kanpur,2017-10-29,147,0.0,0.0,0.0
172,183,lost,MS Dhoni,Sri Lanka,Dharamsala,2017-12-10,65,1.0,1.0,0.0
171,182,won,RG Sharma,Sri Lanka,Mohali,2017-12-13,208,0.0,1.0,0.0
170,181,won,SS Iyer,Sri Lanka,Visakhapatnam,2017-12-17,65,3.0,1.0,0.0
169,180,won,V Kohli,South Africa,Durban,2018-02-01,112,0.0,1.0,0.0
382,417,won,S Dhawan,South Africa,Centurion,2018-02-04,51,5.0,0.0,0.0
168,179,lost,V Kohli,South Africa,Cape Town,2018-02-07,160,0.0,2.0,0.0
167,178,lost,S Dhawan,South Africa,Johannesburg,2018-02-10,109,1.0,0.0,0.0
166,177,lost,RG Sharma,South Africa,Gqeberha,2018-02-13,115,0.0,1.0,0.0
165,176,lost,V Kohli,South Africa,Centurion,2018-02-16,129,2.0,2.0,0.0
383,418,lost,V Kohli,England,Nottingham,2018-07-12,75,6.0,1.0,0.0
384,419,lost,SK Raina,England,Lord's,2018-07-14,46,0.0,0.0,0.0
385,420,won,V Kohli,England,Leeds,2018-07-17,71,0.0,0.0,0.0
386,421,won,S Dhawan,Hong Kong,Dubai (DSC),2018-09-18,127,0.0,1.0,0.0
387,422,lost,RG Sharma,Pakistan,Dubai (DSC),2018-09-19,52,0.0,0.0,0.0
388,423,,RG Sharma,Bangladesh,Dubai (DSC),2018-09-21,83,4.0,0.0,0.0
389,424,lost,S Dhawan,Pakistan,Dubai (DSC),2018-09-23,114,2.0,0.0,0.0
390,426,lost,RG Sharma,Bangladesh,Dubai (DSC),2018-09-28,48,0.0,0.0,0.0
164,175,won,V Kohli,West Indies,Guwahati,2018-10-21,140,3.0,0.0,0.0
163,173,won,V Kohli,West Indies,Pune,2018-10-27,107,1.0,0.0,0.0
162,172,won,RG Sharma,West Indies,Brabourne,2018-10-29,162,1.0,3.0,0.0
161,171,won,RG Sharma,West Indies,Thiruvananthapuram,2018-11-01,63,2.0,0.0,0.0
160,170,lost,RG Sharma,Australia,Sydney,2019-01-12,133,2.0,1.0,0.0
159,169,won,V Kohli,Australia,Adelaide,2019-01-15,104,4.0,1.0,0.0
158,168,won,V Kohli,Australia,Melbourne,2019-01-18,46,0.0,1.0,0.0
157,167,lost,V Kohli,New Zealand,Napier,2019-01-23,45,3.0,0.0,0.0
156,166,lost,RG Sharma,New Zealand,Mount Maunganui,2019-01-26,87,1.0,0.0,0.0
155,165,lost,RG Sharma,New Zealand,Mount Maunganui,2019-01-28,62,3.0,1.0,0.0
154,164,won,HH Pandya,New Zealand,Hamilton,2019-01-31,16,0.0,1.0,0.0
153,163,lost,AT Rayudu,New Zealand,Wellington,2019-02-03,90,2.0,0.0,0.0
152,162,lost,V Kohli,Australia,Hyderabad,2019-03-02,44,1.0,2.0,0.0
151,161,lost,V Kohli,Australia,Nagpur,2019-03-05,116,2.0,1.0,0.0
150,160,lost,V Kohli,Australia,Ranchi,2019-03-08,123,0.0,0.0,0.0
149,159,won,S Dhawan,Australia,Mohali,2019-03-10,143,0.0,1.0,0.0
148,158,won,RG Sharma,Australia,Delhi,2019-03-13,56,3.0,0.0,0.0
391,427,won,RG Sharma,South Africa,Southampton,2019-06-05,122,0.0,1.0,0.0
392,428,lost,S Dhawan,Australia,The Oval,2019-06-09,117,0.0,0.0,0.0
393,430,lost,RG Sharma,Pakistan,Manchester,2019-06-16,140,2.0,0.0,0.0
394,431,won,V Kohli,Afghanistan,Southampton,2019-06-22,67,2.0,0.0,0.0
395,432,lost,V Kohli,West Indies,Manchester,2019-06-27,72,1.0,0.0,0.0
396,433,won,RG Sharma,England,Birmingham,2019-06-30,102,0.0,1.0,0.0
397,434,lost,RG Sharma,Bangladesh,Birmingham,2019-07-02,104,1.0,0.0,0.0
398,435,,KL Rahul,Sri Lanka,Leeds,2019-07-06,111,1.0,0.0,0.0
399,436,won,RA Jadeja,New Zealand,Manchester,2019-07-09,77,1.0,2.0,0.0
400,438,,V Kohli,West Indies,Port of Spain,2019-08-11,120,0.0,3.0,0.0
401,439,lost,SS Iyer,West Indies,Port of Spain,2019-08-14,65,0.0,0.0,0.0
147,157,lost,RR Pant,West Indies,Chennai,2019-12-15,71,0.0,0.0,0.0
146,156,won,RG Sharma,West Indies,Visakhapatnam,2019-12-18,159,0.0,0.0,0.0
145,155,lost,V Kohli,West Indies,Cuttack,2019-12-22,85,1.0,0.0,0.0
144,154,won,S Dhawan,Australia,Wankhede,2020-01-14,74,0.0,0.0,0.0
143,153,won,S Dhawan,Australia,Rajkot,2020-01-17,96,2.0,0.0,0.0
142,152,won,RG Sharma,Australia,Bengaluru,2020-01-19,119,4.0,0.0,0.0
141,151,lost,SS Iyer,New Zealand,Hamilton,2020-02-05,103,2.0,0.0,0.0
140,150,won,RA Jadeja,New Zealand,Auckland,2020-02-08,55,1.0,0.0,0.0
91,99,lost,KL Rahul,New Zealand,Mount Maunganui,2020-02-11,112,1.0,1.0,0.0
90,95,won,HH Pandya,Australia,Sydney,2020-11-27,90,0.0,0.0,0.0
89,94,lost,V Kohli,Australia,Sydney,2020-11-29,89,1.0,1.0,0.0
88,93,won,V Kohli,Australia,Canberra,2020-12-02,63,1.0,0.0,0.0
87,92,lost,S Dhawan,England,Pune,2021-03-23,98,1.0,0.0,0.0
86,91,lost,KL Rahul,England,Pune,2021-03-26,108,0.0,0.0,0.0
85,90,lost,RR Pant,England,Pune,2021-03-28,78,0.0,0.0,0.0
84,89,lost,Ishan Kishan,Sri Lanka,Colombo (RPS),2021-07-18,59,2.0,1.0,0.0
83,88,won,SA Yadav,Sri Lanka,Colombo (RPS),2021-07-20,53,0.0,0.0,0.0
82,87,lost,PP Shaw,Sri Lanka,Colombo (RPS),2021-07-23,49,1.0,1.0,0.0
402,440,lost,S Dhawan,South Africa,Paarl,2022-01-19,79,0.0,0.0,0.0
403,441,,RR Pant,South Africa,Paarl,2022-01-21,85,0.0,0.0,0.0
404,442,lost,V Kohli,South Africa,Cape Town,2022-01-23,65,2.0,2.0,0.0
81,86,won,RG Sharma,West Indies,Ahmedabad,2022-02-06,60,3.0,0.0,0.0
80,85,lost,SA Yadav,West Indies,Ahmedabad,2022-02-09,64,1.0,2.0,0.0
79,84,lost,SS Iyer,West Indies,Ahmedabad,2022-02-11,80,2.0,1.0,0.0
78,83,won,RG Sharma,England,The Oval,2022-07-12,76,6.0,0.0,0.0
77,82,lost,HH Pandya,England,Lord's,2022-07-14,29,2.0,0.0,0.0
405,443,lost,HH Pandya,England,Manchester,2022-07-17,71,4.0,1.0,0.0
406,444,lost,S Dhawan,West Indies,Port of Spain,2022-07-22,97,0.0,0.0,0.0
407,445,lost,SS Iyer,West Indies,Port of Spain,2022-07-24,63,1.0,1.0,0.0
408,446,lost,S Dhawan,West Indies,Port of Spain,2022-07-27,58,4.0,3.0,0.0
409,447,won,Shubman Gill,Zimbabwe,Harare,2022-08-18,82,3.0,2.0,0.0
410,448,lost,S Dhawan,Zimbabwe,Harare,2022-08-20,33,1.0,1.0,0.0
411,449,lost,Shubman Gill,Zimbabwe,Harare,2022-08-22,130,1.0,2.0,0.0
76,81,lost,SS Iyer,South Africa,Lucknow,2022-10-06,50,2.0,1.0,0.0
75,80,won,Ishan Kishan,South Africa,Ranchi,2022-10-09,93,3.0,0.0,0.0
74,79,,Shubman Gill,South Africa,Delhi,2022-10-11,49,4.0,0.0,0.0
73,78,,SS Iyer,New Zealand,Auckland,2022-11-25,80,0.0,0.0,0.0
72,75,lost,KL Rahul,Bangladesh,Mirpur,2022-12-04,73,2.0,1.0,0.0
71,74,won,SS Iyer,Bangladesh,Mirpur,2022-12-07,82,0.0,0.0,0.0
70,73,won,Ishan Kishan,Bangladesh,Chattogram,2022-12-10,210,1.0,0.0,0.0
69,72,won,V Kohli,Sri Lanka,Guwahati,2023-01-10,113,1.0,0.0,0.0
68,71,won,HH Pandya,Sri Lanka,Eden Gardens,2023-01-12,36,0.0,0.0,0.0
67,70,lost,Shubman Gill,Sri Lanka,Thiruvananthapuram,2023-01-15,116,0.0,1.0,0.0
66,69,lost,Shubman Gill,New Zealand,Hyderabad,2023-01-18,208,1.0,1.0,0.0
65,68,lost,RG Sharma,New Zealand,Raipur,2023-01-21,51,2.0,0.0,0.0
64,67,won,Shubman Gill,New Zealand,Indore,2023-01-24,112,1.0,0.0,0.0
63,66,won,KL Rahul,Australia,Wankhede,2023-03-17,75,1.0,2.0,0.0
62,65,lost,V Kohli,Australia,Visakhapatnam,2023-03-19,31,0.0,0.0,0.0
61,64,lost,V Kohli,Australia,Chennai,2023-03-22,54,3.0,0.0,0.0
458,500,won,Ishan Kishan,West Indies,Bridgetown,2023-07-27,52,3.0,0.0,0.0
459,501,lost,Ishan Kishan,West Indies,Bridgetown,2023-07-29,55,3.0,1.0,0.0
460,502,won,Shubman Gill,West Indies,Tarouba,2023-08-01,85,0.0,2.0,0.0
60,62,,RG Sharma,Nepal,Pallekele,2023-09-04,74,3.0,1.0,0.0
59,61,,V Kohli,Pakistan,Colombo (RPS),2023-09-10,122,5.0,0.0,0.0
58,60,lost,RG Sharma,Sri Lanka,Colombo (RPS),2023-09-12,53,0.0,1.0,0.0
57,59,won,Shubman Gill,Bangladesh,Colombo (RPS),2023-09-15,121,1.0,0.0,0.0
56,58,,Shubman Gill,Sri Lanka,Colombo (RPS),2023-09-17,27,3.0,0.0,0.0
55,57,won,Shubman Gill,Australia,Mohali,2023-09-22,74,1.0,2.0,0.0
54,56,won,SS Iyer,Australia,Indore,2023-09-24,105,3.0,0.0,0.0
53,55,won,RG Sharma,Australia,Rajkot,2023-09-27,81,0.0,0.0,0.0
52,54,lost,V Kohli,Australia,Chennai,2023-10-08,85,1.0,2.0,0.0
51,53,won,RG Sharma,Afghanistan,Delhi,2023-10-11,131,4.0,0.0,0.0
50,52,won,RG Sharma,Pakistan,Ahmedabad,2023-10-14,86,2.0,0.0,0.0
49,51,won,Shubman Gill,Bangladesh,Pune,2023-10-19,53,0.0,2.0,0.0
48,50,lost,V Kohli,New Zealand,Dharamsala,2023-10-22,95,0.0,2.0,0.0
